num,X,Y,month,day,FFMC,DMC,temp,RH,wind,rain,area,passenger,country
1,7,5,mar,fri,86.2,26.2,8.2,51,6.7,0,0,898,Portugal
2,7,4,oct,tue,90.6,35.4,18,33,0.9,0,0,71,Portugal
3,7,4,oct,sat,90.6,43.7,14.6,33,1.3,0,0,900,Portugal
4,8,6,mar,fri,91.7,33.3,8.3,97,4,0.2,0,893,Portugal
5,8,6,mar,sun,89.3,51.3,11.4,99,1.8,0,0,307,Portugal
6,8,6,aug,sun,92.3,85.3,22.2,29,5.4,0,0,320,Portugal
7,8,6,aug,mon,92.3,88.9,24.1,27,3.1,0,0,1000,Portugal
8,8,6,aug,mon,91.5,145.4,8,86,2.2,0,0,809,Portugal
9,8,6,sep,tue,91,129.5,13.1,63,5.4,0,0,917,Portugal
10,7,5,sep,sat,92.5,88,22.8,40,4,0,0,74,Portugal
11,7,5,sep,sat,92.5,88,17.8,51,7.2,0,0,276,Portugal
12,7,5,sep,sat,92.8,73.2,19.3,38,4,0,0,285,Portugal
13,6,5,aug,fri,63.5,70.8,17,72,6.7,0,0,678,Portugal
14,6,5,sep,mon,90.9,126.5,21.3,42,2.2,0,0,772,Portugal
15,6,5,sep,wed,92.9,133.3,26.4,21,4.5,0,0,619,Portugal
16,6,5,sep,fri,93.3,141.2,22.9,44,5.4,0,0,220,Portugal
17,5,5,mar,sat,91.7,35.8,15.1,27,5.4,0,0,895,Portugal
18,8,5,oct,mon,84.9,32.8,16.7,47,4.9,0,0,935,Portugal
19,6,4,mar,wed,89.2,27.9,15.9,35,4,0,0,173,Portugal
20,6,4,apr,sat,86.3,27.4,9.3,44,4.5,0,0,969,Portugal
21,6,4,sep,tue,91,129.5,18.3,40,2.7,0,0,137,Portugal
22,5,4,sep,mon,91.8,78.5,19.1,38,2.7,0,0,374,Portugal
23,7,4,jun,sun,94.3,96.3,21,44,4.5,0,0,900,Portugal
24,7,4,aug,sat,90.2,110.9,19.5,43,5.8,0,0,505,Portugal
25,7,4,aug,sat,93.5,139.4,23.7,32,5.8,0,0,687,Portugal
26,7,4,aug,sun,91.4,142.4,16.3,60,5.4,0,0,683,Portugal
27,7,4,sep,fri,92.4,117.9,19,34,5.8,0,0,726,Portugal
28,7,4,sep,mon,90.9,126.5,19.4,48,1.3,0,0,383,Portugal
29,6,3,sep,sat,93.4,145.4,30.2,24,2.7,0,0,363,Portugal
30,6,3,sep,sun,93.5,149.3,22.8,39,3.6,0,0,442,Portugal
31,6,3,sep,fri,94.3,85.1,25.4,24,3.6,0,0,754,Portugal
32,6,3,sep,mon,88.6,91.8,11.2,78,7.6,0,0,183,Portugal
33,6,3,sep,fri,88.6,69.7,20.6,37,1.8,0,0,741,Portugal
34,6,3,sep,sun,91.7,75.6,17.7,39,3.6,0,0,521,Portugal
35,6,3,sep,mon,91.8,78.5,21.2,32,2.7,0,0,773,Portugal
36,6,3,sep,tue,90.3,80.7,18.2,62,4.5,0,0,993,Portugal
37,6,3,oct,tue,90.6,35.4,21.7,24,4.5,0,0,851,Portugal
38,7,4,oct,fri,90,41.5,11.3,60,5.4,0,0,753,Portugal
39,7,3,oct,sat,90.6,43.7,17.8,27,4,0,0,128,Portugal
40,4,4,mar,tue,88.1,25.7,14.1,43,2.7,0,0,325,Portugal
41,4,4,jul,tue,79.5,60.6,23.3,37,3.1,0,0,804,Portugal
42,4,4,aug,sat,90.2,96.9,18.4,42,6.7,0,0,612,Portugal
43,4,4,aug,tue,94.8,108.3,16.6,54,5.4,0,0,284,Portugal
44,4,4,sep,sat,92.5,88,19.6,48,2.7,0,0,762,Portugal
45,4,4,sep,wed,90.1,82.9,12.9,74,4.9,0,0,436,Portugal
46,5,6,sep,wed,94.3,85.1,25.9,24,4,0,0,713,Portugal
47,5,6,sep,mon,90.9,126.5,14.7,70,3.6,0,0,861,Portugal
48,6,6,jul,mon,94.2,62.3,23,36,3.1,0,0,127,Portugal
49,4,4,mar,mon,87.2,23.9,11.8,35,1.8,0,0,964,Portugal
50,4,4,mar,mon,87.6,52.2,11,46,5.8,0,0,858,Portugal
51,4,4,sep,thu,92.9,137,20.8,17,1.3,0,0,476,Portugal
52,4,3,aug,sun,90.2,99.6,21.5,34,2.2,0,0,596,Portugal
53,4,3,aug,wed,92.1,111.2,20.4,42,4.9,0,0,887,Portugal
54,4,3,aug,wed,92.1,111.2,20.4,42,4.9,0,0,390,Portugal
55,4,3,aug,thu,91.7,114.3,17.6,45,3.6,0,0,423,Portugal
56,4,3,sep,thu,92.9,137,27.7,24,2.2,0,0,616,Portugal
57,4,3,sep,tue,90.3,80.7,17.8,63,4.9,0,0,349,Portugal
58,4,3,oct,sun,92.6,46.5,13.8,50,2.7,0,0,329,Portugal
59,2,2,feb,mon,84,9.3,13.9,40,5.4,0,0,201,Portugal
60,2,2,feb,fri,86.6,13.2,12.3,51,0.9,0,0,937,Portugal
61,2,2,mar,sun,89.3,51.3,11.5,39,5.8,0,0,209,Portugal
62,2,2,mar,sun,89.3,51.3,5.5,59,6.3,0,0,601,Portugal
63,2,2,aug,thu,93,75.3,18.8,35,4.9,0,0,845,Portugal
64,2,2,aug,sun,90.2,99.6,20.8,33,2.7,0,0,451,Portugal
65,2,2,aug,mon,91.1,103.2,23.1,31,3.1,0,0,932,Portugal
66,2,2,aug,thu,91.7,114.3,18.6,44,4.5,0,0,563,Portugal
67,2,2,sep,fri,92.4,117.9,23,37,4.5,0,0,230,Portugal
68,2,2,sep,fri,92.4,117.9,19.6,33,5.4,0,0,952,Portugal
69,2,2,sep,fri,92.4,117.9,19.6,33,6.3,0,0,825,Portugal
70,4,5,mar,fri,91.7,33.3,17.2,26,4.5,0,0,594,Portugal
71,4,5,mar,fri,91.2,48.3,15.8,27,7.6,0,0,537,Portugal
72,4,5,sep,fri,94.3,85.1,17.7,37,3.6,0,0,725,Portugal
73,5,4,mar,fri,91.7,33.3,15.6,25,6.3,0,0,587,Portugal
74,5,4,aug,tue,88.8,147.3,17.3,43,4.5,0,0,520,Portugal
75,5,4,sep,fri,93.3,141.2,27.6,30,1.3,0,0,244,Portugal
76,9,9,feb,thu,84.2,6.8,6.7,79,3.1,0,0,561,Portugal
77,9,9,feb,fri,86.6,13.2,15.7,43,3.1,0,0,379,Portugal
78,1,3,mar,mon,87.6,52.2,8.3,72,3.1,0,0,537,Portugal
79,1,2,aug,fri,90.1,108,14.7,66,2.7,0,0,752,Portugal
80,1,2,aug,tue,91,121.2,21.6,19,6.7,0,0,464,Portugal
81,1,2,aug,sun,91.4,142.4,19.5,39,6.3,0,0,446,Portugal
82,1,2,aug,sun,90.2,99.6,17.9,44,2.2,0,0,594,Portugal
83,1,2,aug,tue,94.8,108.3,18.6,51,4.5,0,0,489,Portugal
84,1,2,aug,wed,92.1,111.2,16.6,47,0.9,0,0,614,Portugal
85,1,2,aug,thu,91.7,114.3,20.2,45,3.6,0,0,867,Portugal
86,1,2,sep,thu,92.9,137,21.5,15,0.9,0,0,815,Portugal
87,1,2,sep,thu,92.9,137,25.4,27,2.2,0,0,390,Portugal
88,1,2,sep,thu,92.9,137,22.4,34,2.2,0,0,190,Portugal
89,1,2,sep,sun,93.5,149.3,25.3,36,3.6,0,0,958,Portugal
90,6,5,mar,sat,91.7,35.8,17.4,25,4.9,0,0,352,Portugal
91,6,5,aug,sat,90.2,96.9,14.7,59,5.8,0,0,631,Portugal
92,8,6,mar,fri,91.7,35.8,17.4,24,5.4,0,0,981,Portugal
93,8,6,aug,sun,92.3,85.3,20.8,32,6.3,0,0,292,Portugal
94,8,6,aug,sun,91.4,142.4,18.2,43,4.9,0,0,509,Portugal
95,8,6,aug,mon,91.1,103.2,23.4,22,2.7,0,0,112,Portugal
96,4,4,sep,sun,89.7,90,17.8,64,1.3,0,0,438,Portugal
97,3,4,feb,sat,83.9,8,12.7,48,1.8,0,0,969,Portugal
98,3,4,mar,sat,69,2.4,17.4,24,5.4,0,0,269,Portugal
99,3,4,aug,sun,91.4,142.4,11.6,87,4.5,0,0,930,Portugal
100,3,4,aug,sun,91.4,142.4,19.8,39,5.4,0,0,866,Portugal
101,3,4,aug,sun,91.4,142.4,19.8,39,5.4,0,0,951,Portugal
102,3,4,aug,tue,88.8,147.3,14.4,66,5.4,0,0,70,Portugal
103,2,4,aug,tue,94.8,108.3,20.1,40,4,0,0,745,Portugal
104,2,4,sep,sat,92.5,121.1,24.1,29,4.5,0,0,787,Portugal
105,2,4,jan,sat,82.1,3.7,5.3,78,3.1,0,0,254,Portugal
106,4,5,mar,fri,85.9,19.5,12.7,52,6.3,0,0,613,Portugal
107,4,5,mar,thu,91.4,30.7,18.2,29,3.1,0,0,964,Portugal
108,4,5,aug,sun,90.2,99.6,21.4,33,3.1,0,0,139,Portugal
109,4,5,sep,sat,92.5,88,20.3,45,3.1,0,0,155,Portugal
110,4,5,sep,mon,88.6,91.8,17.4,56,5.4,0,0,869,Portugal
111,4,4,mar,fri,85.9,19.5,13.7,43,5.8,0,0,439,Portugal
112,3,4,mar,fri,91.7,33.3,18.8,18,4.5,0,0,73,Portugal
113,3,4,sep,sun,89.7,90,22.8,39,3.6,0,0,638,Portugal
114,3,4,sep,mon,91.8,78.5,18.9,35,2.7,0,0,312,Portugal
115,3,4,mar,tue,88.1,25.7,15.8,27,7.6,0,0,340,Portugal
116,3,5,mar,tue,88.1,25.7,15.5,27,6.3,0,0,563,Portugal
117,3,4,mar,sat,91.7,35.8,11.6,30,6.3,0,0,915,Portugal
118,3,4,mar,sat,91.7,35.8,15.2,27,4.9,0,0,720,Portugal
119,3,4,mar,mon,90.1,39.7,10.6,30,4,0,0,233,Portugal
120,3,4,aug,thu,93,75.3,19.6,36,3.1,0,0,979,Portugal
121,3,4,aug,mon,91.5,145.4,10.3,74,2.2,0,0,253,Portugal
122,3,4,aug,mon,91.5,145.4,17.1,43,5.4,0,0,839,Portugal
123,3,4,sep,sun,92.4,124.1,22.5,42,5.4,0,0,553,Portugal
124,3,4,sep,tue,84.4,73.4,17.9,45,3.1,0,0,144,Portugal
125,3,4,sep,fri,94.3,85.1,19.8,50,5.4,0,0,994,Portugal
126,3,4,oct,sun,92.6,46.5,20.6,24,5.4,0,0,243,Portugal
127,3,5,mar,mon,87.6,52.2,9,49,2.2,0,0,562,Portugal
128,3,5,sep,fri,93.5,149.3,17.2,43,3.1,0,0,870,Portugal
129,3,5,oct,wed,91.4,37.9,15.9,46,3.6,0,0,264,Portugal
130,2,5,oct,sun,92.6,46.5,15.4,35,0.9,0,0,134,Portugal
131,4,6,feb,sat,68.2,21.5,15.4,40,2.7,0,0,293,Portugal
132,4,6,mar,mon,87.2,23.9,14,39,3.1,0,0,981,Portugal
133,4,6,mar,sun,89.3,51.3,10.6,46,4.9,0,0,573,Portugal
134,4,6,sep,thu,93.7,80.9,17.6,42,3.1,0,0,232,Portugal
135,3,5,mar,tue,88.1,25.7,14.9,38,2.7,0,0,194,Portugal
136,3,5,aug,sat,93.5,139.4,17.6,52,5.8,0,0,841,Portugal
137,3,6,sep,sun,92.4,124.1,17.2,58,1.3,0,0,318,Portugal
138,3,6,sep,mon,90.9,126.5,15.6,66,3.1,0,0,746,Portugal
139,9,9,jul,tue,85.8,48.3,18,42,2.7,0,0.36,546,Portugal
140,1,4,sep,tue,91,129.5,21.7,38,2.2,0,0.43,722,Portugal
141,2,5,sep,mon,90.9,126.5,21.9,39,1.8,0,0.47,704,Portugal
142,1,2,aug,wed,95.5,99.9,23.3,31,4.5,0,0.55,228,Portugal
143,8,6,aug,fri,90.1,108,21.2,51,8.9,0,0.61,455,Portugal
144,1,2,jul,sat,90,51.3,16.6,53,5.4,0,0.71,933,Portugal
145,2,5,aug,wed,95.5,99.9,23.8,32,5.4,0,0.77,362,Portugal
146,6,5,aug,thu,95.2,131.7,27.4,22,4,0,0.9,777,Portugal
147,5,4,mar,mon,90.1,39.7,13.2,40,5.4,0,0.95,196,Portugal
148,8,3,sep,tue,84.4,73.4,24.2,28,3.6,0,0.96,928,Portugal
149,2,2,aug,tue,94.8,108.3,17.4,43,6.7,0,1.07,809,Portugal
150,8,6,sep,thu,93.7,80.9,23.7,25,4.5,0,1.12,420,Portugal
151,6,5,jun,fri,92.5,56.4,23.2,39,5.4,0,1.19,763,Portugal
152,9,9,jul,sun,90.1,68.6,24.8,29,2.2,0,1.36,600,Portugal
153,3,4,jul,sat,90.1,51.2,24.6,43,1.8,0,1.43,351,Portugal
154,5,4,sep,fri,94.3,85.1,20.1,47,4.9,0,1.46,650,Portugal
155,1,5,sep,sat,93.4,145.4,29.6,27,2.7,0,1.46,830,Portugal
156,7,4,aug,sun,94.8,108.3,16.4,47,1.3,0,1.56,185,Portugal
157,2,4,sep,sat,93.4,145.4,28.6,27,2.2,0,1.61,573,Portugal
158,2,2,aug,wed,92.1,111.2,18.4,45,3.6,0,1.63,61,Portugal
159,2,4,aug,wed,92.1,111.2,20.5,35,4,0,1.64,253,Portugal
160,7,4,sep,fri,92.4,117.9,19,34,5.8,0,1.69,95,Portugal
161,7,4,mar,mon,90.1,39.7,16.1,29,3.1,0,1.75,176,Portugal
162,6,4,aug,thu,95.2,131.7,20.3,41,4,0,1.9,229,Portugal
163,6,3,mar,sat,90.6,50.1,15.2,31,8.5,0,1.94,511,Portugal
164,8,6,sep,sat,92.5,121.1,17.8,56,1.8,0,1.95,636,Portugal
165,8,5,sep,sun,89.7,90,17.8,67,2.2,0,2.01,178,Portugal
166,6,5,mar,thu,84.9,18.2,5.3,70,4.5,0,2.14,185,Portugal
167,6,5,aug,wed,92.1,111.2,16.6,47,0.9,0,2.29,384,Portugal
168,6,5,aug,wed,96,127.1,23.4,33,4.5,0,2.51,118,Portugal
169,6,5,mar,fri,91.2,48.3,14.6,26,9.4,0,2.53,732,Portugal
170,8,6,aug,thu,95.2,131.7,20.7,45,2.2,0,2.55,698,Portugal
171,5,4,sep,wed,92.9,133.3,21.9,35,1.8,0,2.57,233,Portugal
172,8,6,aug,wed,85.6,90.4,17.4,50,4,0,2.69,448,Portugal
173,7,4,aug,sun,91.4,142.4,20.1,39,5.4,0,2.74,831,Portugal
174,4,4,sep,mon,90.9,126.5,17.7,39,2.2,0,3.07,514,Portugal
175,1,4,aug,sat,90.2,96.9,14.2,53,1.8,0,3.5,435,Portugal
176,1,4,aug,sat,90.2,96.9,20.3,39,4.9,0,4.53,814,Portugal
177,6,5,apr,thu,81.5,9.1,5.8,54,5.8,0,4.61,180,Portugal
178,2,5,aug,sun,90.2,99.6,19.2,44,2.7,0,4.69,832,Portugal
179,2,5,sep,wed,90.1,82.9,18.3,45,2.2,0,4.88,421,Portugal
180,8,6,aug,tue,88.8,147.3,14.4,66,5.4,0,5.23,738,Portugal
181,1,3,sep,sun,92.4,124.1,23.9,32,6.7,0,5.33,501,Portugal
182,8,6,oct,mon,84.9,32.8,19.1,32,4,0,5.44,483,Portugal
183,5,4,feb,sun,86.8,15.6,12.4,53,2.2,0,6.38,230,Portugal
184,7,4,oct,mon,91.7,48.5,16.8,45,4.5,0,6.83,498,Portugal
185,8,6,aug,fri,93.9,135.7,20.8,34,4.9,0,6.96,726,Portugal
186,2,5,sep,tue,91,129.5,17.6,46,3.1,0,7.04,797,Portugal
187,8,6,mar,sun,89.3,51.3,11.5,39,5.8,0,7.19,163,Portugal
188,1,5,sep,mon,90.9,126.5,21,42,2.2,0,7.3,55,Portugal
189,6,4,mar,sat,90.8,41.9,13.3,42,0.9,0,7.4,737,Portugal
190,7,4,mar,sun,90.7,44,11.5,60,4,0,8.24,217,Portugal
191,6,5,mar,fri,91.2,48.3,11.7,33,4,0,8.31,875,Portugal
192,2,5,aug,thu,95.2,131.7,24.2,28,2.7,0,8.68,218,Portugal
193,2,2,aug,tue,94.8,108.3,24.6,22,4.5,0,8.71,533,Portugal
194,4,5,sep,wed,92.9,133.3,24.3,25,4,0,9.41,97,Portugal
195,2,2,aug,tue,94.8,108.3,24.6,22,4.5,0,10.01,282,Portugal
196,2,5,aug,fri,93.9,135.7,23.5,36,5.4,0,10.02,220,Portugal
197,6,5,apr,thu,81.5,9.1,5.8,54,5.8,0,10.93,720,Portugal
198,4,5,sep,thu,92.9,137,21.5,15,0.9,0,11.06,354,Portugal
199,3,4,sep,tue,91,129.5,13.9,59,6.3,0,11.24,85,Portugal
200,2,4,sep,mon,63.5,70.8,22.6,38,3.6,0,11.32,116,Portugal
201,1,5,sep,tue,91,129.5,21.6,33,2.2,0,11.53,549,Portugal
202,6,5,mar,sun,90.1,37.6,12.4,54,3.6,0,12.1,166,Portugal
203,7,4,feb,sun,83.9,8.7,8.8,68,2.2,0,13.05,555,Portugal
204,8,6,oct,wed,91.4,37.9,20.2,37,2.7,0,13.7,952,Portugal
205,5,6,mar,sat,90.6,50.1,15.1,64,4,0,13.99,547,Portugal
206,4,5,sep,thu,92.9,137,22.1,34,1.8,0,14.57,66,Portugal
207,2,2,aug,sat,93.5,139.4,22.9,31,7.2,0,15.45,968,Portugal
208,7,5,sep,tue,91,129.5,20.7,37,2.2,0,17.2,582,Portugal
209,6,5,sep,fri,92.4,117.9,19.6,33,6.3,0,19.23,867,Portugal
210,8,3,sep,thu,93.7,80.9,23.2,26,4.9,0,23.41,828,Portugal
211,4,4,oct,sat,90.6,43.7,18.4,25,3.1,0,24.23,803,Portugal
212,7,4,aug,sat,93.5,139.4,5.1,96,5.8,0,26,423,Portugal
213,7,4,sep,fri,94.3,85.1,20.1,47,4.9,0,26.13,763,Portugal
214,7,3,mar,mon,87.6,52.2,11,46,5.8,0,27.35,867,Portugal
215,4,4,mar,sat,91.7,35.8,17,27,4.9,0,28.66,996,Portugal
216,4,4,mar,sat,91.7,35.8,17,27,4.9,0,28.66,600,Portugal
217,4,4,sep,sun,92.4,124.1,16.9,60,1.3,0,29.48,318,Portugal
218,1,3,sep,mon,88.6,91.8,12.4,73,6.3,0,30.32,842,Portugal
219,4,5,sep,wed,92.9,133.3,19.4,19,1.3,0,31.72,152,Portugal
220,6,5,mar,mon,90.1,39.7,15.2,27,3.1,0,31.86,713,Portugal
221,8,6,aug,sun,90.2,99.6,16.2,59,3.1,0,32.07,138,Portugal
222,3,4,sep,fri,93.3,141.2,18.6,49,3.6,0,35.88,592,Portugal
223,4,3,mar,mon,87.6,52.2,11,46,5.8,0,36.85,546,Portugal
224,2,2,jul,fri,88.3,150.3,13.4,79,3.6,0,37.02,462,Portugal
225,7,4,sep,wed,90.1,82.9,15.4,57,4.5,0,37.71,212,Portugal
226,4,4,sep,sun,93.5,149.3,22.9,39,4.9,0,48.55,649,Portugal
227,7,5,oct,mon,91.7,48.5,16.1,44,4,0,49.37,516,Portugal
228,8,6,aug,sat,92.2,81.8,20.1,34,4.5,0,58.3,534,Portugal
229,4,6,sep,sun,93.5,149.3,28.3,26,3.1,0,64.1,563,Portugal
230,8,6,aug,sat,92.2,81.8,16.4,43,4,0,71.3,798,Portugal
231,4,4,sep,wed,92.9,133.3,26.4,21,4.5,0,88.49,883,Portugal
232,1,5,sep,sun,93.5,149.3,27.8,27,3.1,0,95.18,482,Portugal
233,6,4,sep,tue,91,129.5,18.7,43,2.7,0,103.39,339,Portugal
234,9,4,sep,tue,84.4,73.4,24.3,36,3.1,0,105.66,647,Portugal
235,4,5,sep,sat,92.5,121.1,17.7,25,3.1,0,154.88,426,Portugal
236,8,6,aug,sun,91.4,142.4,19.6,41,5.8,0,196.48,374,Portugal
237,2,2,sep,sat,92.5,121.1,18.2,46,1.8,0,200.94,681,Portugal
238,1,2,sep,tue,91,129.5,18.8,40,2.2,0,212.88,478,Portugal
239,6,5,sep,sat,92.5,121.1,25.1,27,4,0,1090.84,64,Portugal
240,7,5,apr,sun,81.9,3,13.4,75,1.8,0,0,313,Portugal
241,6,3,apr,wed,88,17.2,15.2,51,2.7,0,0,483,Portugal
242,4,4,apr,fri,83,23.3,16.7,20,3.1,0,0,237,Portugal
243,2,4,aug,sun,94.2,122.3,15.4,66,4,0,10.13,355,Portugal
244,7,4,aug,sun,91.8,175.1,21.9,73,7.6,1,0,60,Portugal
245,2,4,aug,sun,91.8,175.1,22.4,54,7.6,0,2.87,289,Portugal
246,3,4,aug,sun,91.8,175.1,26.8,38,6.3,0,0.76,473,Portugal
247,5,4,aug,sun,91.8,175.1,25.7,39,5.4,0,0.09,222,Portugal
248,2,4,aug,wed,92.2,91.6,20.7,70,2.2,0,0.75,336,Portugal
249,8,6,aug,wed,93.1,157.3,28.7,28,2.7,0,0,770,Portugal
250,3,4,aug,wed,93.1,157.3,21.7,40,0.4,0,2.47,708,Portugal
251,8,5,aug,wed,93.1,157.3,26.8,25,3.1,0,0.68,407,Portugal
252,8,5,aug,wed,93.1,157.3,24,36,3.1,0,0.24,114,Portugal
253,6,5,aug,wed,93.1,157.3,22.1,37,3.6,0,0.21,154,Portugal
254,7,4,aug,thu,91.9,109.2,21.4,38,2.7,0,1.52,582,Portugal
255,6,3,aug,thu,91.6,138.1,18.9,41,3.1,0,10.34,631,Portugal
256,2,5,aug,thu,87.5,77,22.3,46,4,0,0,369,Portugal
257,8,6,aug,sat,94.2,117.2,23.9,41,2.2,0,8.02,383,Portugal
258,4,3,aug,sat,94.2,117.2,21.4,44,2.7,0,0.68,617,Portugal
259,3,4,aug,sat,91.8,170.9,20.6,59,0.9,0,0,144,Portugal
260,7,4,aug,sat,91.8,170.9,23.7,40,1.8,0,1.38,313,Portugal
261,2,4,aug,mon,93.6,97.9,28.3,32,4,0,8.85,396,Portugal
262,3,4,aug,fri,91.6,112.4,11.2,84,7.6,0,3.3,396,Portugal
263,2,4,aug,fri,91.6,112.4,21.4,42,3.1,0,4.25,785,Portugal
264,6,3,aug,fri,91.1,141.1,19.3,39,3.6,0,1.56,83,Portugal
265,4,4,aug,fri,94.3,167.6,21.8,53,3.1,0,6.54,932,Portugal
266,4,4,aug,tue,93.7,102.2,22.1,54,7.6,0,0.79,170,Portugal
267,6,5,aug,tue,94.3,131.7,19.4,55,4,0,0.17,467,Portugal
268,2,2,aug,tue,92.1,152.6,23.7,24,3.1,0,0,441,Portugal
269,3,4,aug,tue,92.1,152.6,21,32,3.1,0,0,232,Portugal
270,4,4,aug,tue,92.1,152.6,19.1,53,2.7,0,4.4,717,Portugal
271,2,2,aug,tue,92.1,152.6,21.8,56,3.1,0,0.52,874,Portugal
272,8,6,aug,tue,92.1,152.6,20.1,58,4.5,0,9.27,451,Portugal
273,2,5,aug,tue,92.1,152.6,20.2,47,4,0,3.09,469,Portugal
274,4,6,dec,sun,84.4,27.2,4.8,57,8.5,0,8.98,563,Portugal
275,8,6,dec,wed,84,27.8,5.1,61,8,0,11.19,984,Portugal
276,4,6,dec,thu,84.6,26.4,5.1,61,4.9,0,5.38,388,Portugal
277,4,4,dec,mon,85.4,25.4,4.6,21,8.5,0,17.85,444,Portugal
278,3,4,dec,mon,85.4,25.4,4.6,21,8.5,0,10.73,978,Portugal
279,4,4,dec,mon,85.4,25.4,4.6,21,8.5,0,22.03,520,Portugal
280,4,4,dec,mon,85.4,25.4,4.6,21,8.5,0,9.77,461,Portugal
281,4,6,dec,fri,84.7,26.7,2.2,59,4.9,0,9.27,894,Portugal
282,6,5,dec,tue,85.4,25.4,5.1,24,8.5,0,24.77,934,Portugal
283,6,3,feb,sun,84.9,27.5,4.2,51,4,0,0,163,Portugal
284,3,4,feb,wed,86.9,6.6,8.8,35,3.1,0,1.1,856,Portugal
285,5,4,feb,fri,85.2,4.9,7.5,46,8,0,24.24,452,Portugal
286,2,5,jul,sun,93.9,169.7,23.4,40,6.3,0,0,463,Portugal
287,7,6,jul,wed,91.2,183.1,12.6,90,7.6,0.2,0,288,Portugal
288,7,4,jul,sat,91.6,104.2,22.1,49,2.7,0,0,50,Portugal
289,7,4,jul,sat,91.6,104.2,24.2,32,1.8,0,0,632,Portugal
290,7,4,jul,sat,91.6,104.2,24.3,30,1.8,0,0,850,Portugal
291,2,5,jul,sat,91.6,104.2,18.7,53,1.8,0,0,121,Portugal
292,9,4,jul,sat,91.6,104.2,25.3,39,0.9,0,8,72,Portugal
293,4,5,jul,fri,91.6,100.2,22.9,40,1.3,0,2.64,604,Portugal
294,7,6,jul,tue,93.1,180.4,26.9,28,5.4,0,86.45,429,Portugal
295,8,6,jul,tue,92.3,88.8,17.1,67,3.6,0,6.57,745,Portugal
296,7,5,jun,sun,93.1,180.4,22.2,48,1.3,0,0,980,Portugal
297,6,4,jun,sun,90.4,89.5,14.3,46,1.8,0,0.9,345,Portugal
298,8,6,jun,sun,90.4,89.5,15.4,45,2.2,0,0,651,Portugal
299,8,6,jun,wed,91.2,147.8,19.6,43,4.9,0,0,928,Portugal
300,6,5,jun,sat,53.4,71,10.6,90,2.7,0,0,107,Portugal
301,6,5,jun,mon,90.4,93.3,20.7,25,4.9,0,0,549,Portugal
302,6,5,jun,mon,90.4,93.3,19.1,39,5.4,0,3.52,234,Portugal
303,3,6,jun,fri,91.1,94.1,19.2,38,4.5,0,0,589,Portugal
304,3,6,jun,fri,91.1,94.1,19.2,38,4.5,0,0,994,Portugal
305,6,5,may,sat,85.1,28,11.3,94,4.9,0,0,367,Portugal
306,1,4,sep,sun,89.6,84.1,19,52,2.2,0,0,630,Portugal
307,7,4,sep,sun,89.6,84.1,17.1,53,5.4,0,0.41,966,Portugal
308,3,4,sep,sun,89.6,84.1,23.8,35,3.6,0,5.18,224,Portugal
309,2,4,sep,sun,92.4,105.8,16,45,1.8,0,0,826,Portugal
310,2,4,sep,sun,92.4,105.8,24.9,27,2.2,0,0,277,Portugal
311,7,4,sep,sun,92.4,105.8,25.3,27,2.7,0,0,366,Portugal
312,6,3,sep,sun,92.4,105.8,24.8,28,1.8,0,14.29,486,Portugal
313,2,4,sep,sun,50.4,46.2,12.2,78,6.3,0,0,757,Portugal
314,6,5,sep,wed,92.6,115.4,24.3,27,4.9,0,0,654,Portugal
315,4,4,sep,wed,92.6,115.4,19.7,41,1.8,0,1.58,543,Portugal
316,3,4,sep,wed,91.2,134.7,18.5,30,2.7,0,0,464,Portugal
317,4,5,sep,thu,92.4,96.2,18.6,24,5.8,0,0,699,Portugal
318,4,4,sep,thu,92.4,96.2,19.2,24,4.9,0,3.78,450,Portugal
319,6,5,sep,thu,92.8,119,21.6,27,2.2,0,0,911,Portugal
320,5,4,sep,thu,92.8,119,21.6,28,6.3,0,4.41,861,Portugal
321,6,3,sep,thu,92.8,119,18.9,34,7.2,0,34.36,941,Portugal
322,1,4,sep,thu,92.8,119,16.8,28,4,0,7.21,53,Portugal
323,6,5,sep,thu,92.8,119,16.8,28,4,0,1.01,907,Portugal
324,3,5,sep,thu,90.7,136.9,12.9,39,2.7,0,2.18,89,Portugal
325,6,5,sep,thu,88.1,53.3,13.7,56,1.8,0,4.42,938,Portugal
326,1,4,sep,sat,92.2,102.3,24.2,27,3.1,0,0,948,Portugal
327,5,4,sep,sat,92.2,102.3,24.1,27,3.1,0,0,958,Portugal
328,6,5,sep,sat,92.2,102.3,21.2,32,2.2,0,0,852,Portugal
329,6,5,sep,sat,92.2,102.3,19.7,35,1.8,0,0,116,Portugal
330,4,3,sep,sat,92.2,102.3,23.5,27,4,0,3.33,899,Portugal
331,3,3,sep,sat,92.2,102.3,24.2,27,3.1,0,6.58,675,Portugal
332,7,4,sep,sat,91.2,124.4,21.5,28,4.5,0,15.64,384,Portugal
333,4,4,sep,sat,91.2,124.4,17.1,41,2.2,0,11.22,104,Portugal
334,1,4,sep,mon,92.1,87.7,18.1,54,3.1,0,2.13,524,Portugal
335,2,3,sep,mon,91.6,108.4,18,51,5.4,0,0,917,Portugal
336,4,3,sep,mon,91.6,108.4,9.8,86,1.8,0,0,233,Portugal
337,7,4,sep,mon,91.6,108.4,19.3,44,2.2,0,0,728,Portugal
338,6,3,sep,mon,91.6,108.4,23,34,2.2,0,56.04,746,Portugal
339,8,6,sep,mon,91.6,108.4,22.7,35,2.2,0,7.48,442,Portugal
340,2,4,sep,mon,91.6,108.4,20.4,41,1.8,0,1.47,932,Portugal
341,2,5,sep,mon,91.6,108.4,19.3,44,2.2,0,3.93,619,Portugal
342,8,6,sep,mon,91.9,111.7,15.7,51,2.2,0,0,912,Portugal
343,6,3,sep,mon,91.5,130.1,20.6,37,1.8,0,0,584,Portugal
344,8,6,sep,mon,91.5,130.1,15.9,51,4.5,0,2.18,501,Portugal
345,6,3,sep,mon,91.5,130.1,12.2,66,4.9,0,6.1,566,Portugal
346,2,2,sep,mon,91.5,130.1,16.8,43,3.1,0,5.83,601,Portugal
347,1,4,sep,mon,91.5,130.1,21.3,35,2.2,0,28.19,335,Portugal
348,5,4,sep,fri,92.1,99,10.1,75,3.6,0,0,287,Portugal
349,3,4,sep,fri,92.1,99,17.4,57,4.5,0,0,581,Portugal
350,5,4,sep,fri,92.1,99,12.8,64,3.6,0,1.64,945,Portugal
351,5,4,sep,fri,92.1,99,10.1,75,3.6,0,3.71,740,Portugal
352,4,4,sep,fri,92.1,99,15.4,53,6.3,0,7.31,606,Portugal
353,7,4,sep,fri,92.1,99,20.6,43,3.6,0,2.03,79,Portugal
354,7,4,sep,fri,92.1,99,19.8,47,2.7,0,1.72,389,Portugal
355,7,4,sep,fri,92.1,99,18.7,50,2.2,0,5.97,797,Portugal
356,4,4,sep,fri,92.1,99,20.8,35,4.9,0,13.06,903,Portugal
357,4,4,sep,fri,92.1,99,20.8,35,4.9,0,1.26,910,Portugal
358,6,3,sep,fri,92.5,122,15.9,55,3.6,0,0,509,Portugal
359,6,3,sep,fri,92.5,122,19.7,39,2.7,0,0,752,Portugal
360,1,4,sep,fri,92.5,122,21.1,39,2.2,0,8.12,194,Portugal
361,6,5,sep,fri,92.5,122,18.4,42,2.2,0,1.09,343,Portugal
362,4,3,sep,fri,92.5,122,17.3,45,4,0,3.94,841,Portugal
363,7,4,sep,fri,88.2,55.2,15.2,64,3.1,0,0.52,719,Portugal
364,4,3,sep,tue,91.9,111.7,15.9,53,2.2,0,2.93,684,Portugal
365,6,5,sep,tue,91.9,111.7,21.1,35,2.7,0,5.65,280,Portugal
366,6,5,sep,tue,91.9,111.7,19.6,45,3.1,0,20.03,439,Portugal
367,4,5,sep,tue,91.1,132.3,15.9,38,5.4,0,1.75,427,Portugal
368,4,5,sep,tue,91.1,132.3,16.4,27,3.6,0,0,397,Portugal
369,6,5,sep,sat,91.2,94.3,16.8,47,4.9,0,12.64,315,Portugal
370,4,5,sep,sun,91,276.3,13.8,77,7.6,0,0,291,Portugal
371,7,4,sep,sun,91,276.3,13.8,77,7.6,0,11.06,950,Portugal
372,3,4,jul,wed,91.9,133.6,14.2,58,4,0,0,762,Portugal
373,4,5,aug,sun,92,203.2,10.4,75,0.9,0,0,549,Portugal
374,5,4,aug,thu,94.8,222.4,20.3,42,2.7,0,0,925,Portugal
375,6,5,sep,fri,90.3,290,10.3,78,4,0,18.3,561,Portugal
376,6,5,sep,sat,91.2,94.3,15.4,57,4.9,0,39.35,106,Portugal
377,8,6,aug,mon,92.1,207,21.1,54,2.2,0,0,655,Portugal
378,2,2,aug,sat,93.7,231.1,21.9,42,2.2,0,174.63,825,Portugal
379,6,5,mar,thu,90.9,18.9,8.7,51,5.8,0,0,847,Portugal
380,4,5,jan,sun,18.7,1.1,5.2,100,0.9,0,0,310,Portugal
381,5,4,jul,wed,93.7,101.3,19.3,39,7.2,0,7.73,187,Portugal
382,8,6,aug,thu,90.7,194.1,16.2,63,2.7,0,16.33,477,Portugal
383,8,6,aug,wed,95.2,217.7,28.2,29,1.8,0,5.86,257,Portugal
384,9,6,aug,thu,91.6,248.4,20.5,58,2.7,0,42.87,658,Portugal
385,8,4,aug,sat,91.6,273.8,21.3,44,4.5,0,12.18,508,Portugal
386,2,4,aug,sun,91.6,181.3,20.9,50,2.2,0,16,443,Portugal
387,3,4,sep,sun,90.5,96.7,20.6,55,5.4,0,24.59,189,Portugal
388,5,5,mar,thu,90.9,18.9,11.6,48,5.4,0,0,684,Portugal
389,6,4,aug,fri,94.8,227,23.3,34,3.1,0,28.74,399,Portugal
390,7,4,aug,fri,94.8,227,23.3,34,3.1,0,0,262,Portugal
391,7,4,feb,mon,84.7,9.5,7.5,71,6.3,0,9.96,310,Portugal
392,8,6,sep,fri,91.1,91.3,20.7,46,2.7,0,30.18,122,Portugal
393,1,3,sep,sun,91,276.3,21.9,43,4,0,70.76,228,Portugal
394,2,4,mar,tue,93.4,15,15.2,19,7.6,0,0,690,Portugal
395,6,5,feb,mon,84.1,4.6,5.3,68,1.8,0,0,248,Portugal
396,4,5,feb,sun,85,9,10.1,62,1.8,0,51.78,504,Portugal
397,4,3,sep,sun,90.5,96.7,20.4,55,4.9,0,3.64,888,Portugal
398,5,6,aug,sun,91.6,181.3,24.3,33,3.6,0,3.63,673,Portugal
399,1,2,aug,sat,93.7,231.1,25.9,32,3.1,0,0,529,Portugal
400,9,5,jun,wed,93.3,49.5,28,34,4.5,0,0,278,Portugal
401,9,5,jun,wed,93.3,49.5,28,34,4.5,0,8.16,592,Portugal
402,3,4,sep,thu,91.1,88.2,22.8,46,4,0,4.95,811,Portugal
403,9,9,aug,fri,94.8,227,25,36,4,0,0,692,Portugal
404,8,6,aug,thu,90.7,194.1,21.3,41,3.6,0,0,204,Portugal
405,2,4,sep,wed,87.9,84.8,21.8,34,2.2,0,6.04,160,Portugal
406,2,2,aug,tue,94.6,212.1,27.9,27,2.2,0,0,535,Portugal
407,6,5,sep,sat,87.1,291.3,17,67,4.9,0,3.95,966,Portugal
408,4,5,feb,sat,84.7,8.2,14.2,46,4,0,0,166,Portugal
409,4,3,sep,fri,90.3,290,19.9,44,3.1,0,7.8,239,Portugal
410,1,4,jul,tue,92.3,96.2,23.4,31,5.4,0,0,148,Portugal
411,6,3,feb,fri,84.1,7.3,14.7,42,2.7,0,0,840,Portugal
412,7,4,feb,fri,84.6,3.2,8.2,53,9.4,0,4.62,925,Portugal
413,9,4,jul,mon,92.3,92.1,22.8,27,4.5,0,1.63,381,Portugal
414,7,5,aug,sat,93.7,231.1,26.4,33,3.6,0,0,699,Portugal
415,5,4,aug,sun,93.6,235.1,24.1,50,4,0,0,116,Portugal
416,8,6,aug,thu,94.8,222.4,27.5,27,4.9,0,746.28,769,Portugal
417,6,3,jul,tue,92.7,164.1,26.3,39,3.1,0,7.02,488,Portugal
418,6,5,mar,wed,93.4,17.3,13.8,24,5.8,0,0,336,Portugal
419,2,4,aug,sun,92,203.2,24.9,42,5.4,0,2.44,584,Portugal
420,2,5,aug,sun,91.6,181.3,24.8,36,4,0,3.05,556,Portugal
421,8,8,aug,wed,91.7,191.4,26.2,36,4.5,0,185.76,197,Portugal
422,2,4,aug,wed,95.2,217.7,30.8,19,4.5,0,0,704,Portugal
423,8,6,jul,sun,88.9,263.1,29.3,27,3.6,0,6.3,389,Portugal
424,1,3,sep,sat,91.2,94.3,22.3,48,4,0,0.72,681,Portugal
425,8,6,aug,sat,93.7,231.1,26.9,31,3.6,0,4.96,888,Portugal
426,2,2,aug,thu,91.6,248.4,20.4,56,2.2,0,0,513,Portugal
427,8,6,aug,thu,91.6,248.4,20.4,56,2.2,0,0,188,Portugal
428,2,4,aug,mon,92.1,207,27.9,33,2.2,0,2.35,737,Portugal
429,1,3,aug,thu,94.8,222.4,26.2,34,5.8,0,0,699,Portugal
430,3,4,aug,sun,91.6,181.3,24.6,44,4,0,3.2,379,Portugal
431,7,4,sep,thu,89.7,287.2,19.4,45,3.6,0,0,457,Portugal
432,1,3,aug,sat,92.1,178,23.3,40,4,0,6.36,965,Portugal
433,8,6,aug,thu,94.8,222.4,23.9,38,6.7,0,0,953,Portugal
434,2,4,aug,sun,93.6,235.1,20.9,66,4.9,0,15.34,54,Portugal
435,1,4,aug,fri,90.6,269.8,22.2,45,3.6,0,0,330,Portugal
436,2,5,jul,sat,90.8,84.7,23.8,51,1.8,0,0,681,Portugal
437,8,6,aug,mon,92.1,207,26.8,35,1.3,0,0.54,276,Portugal
438,8,6,aug,sat,89.4,253.6,14.2,73,2.7,0,0,764,Portugal
439,2,5,aug,sat,93.7,231.1,23.6,53,4,0,6.43,986,Portugal
440,1,3,sep,fri,91.1,91.3,19.1,46,2.2,0,0.33,232,Portugal
441,5,4,sep,fri,90.3,290,16.2,58,3.6,0,0,929,Portugal
442,8,6,aug,mon,92.1,207,25.5,29,1.8,0,1.23,263,Portugal
443,6,5,apr,mon,87.9,24.9,10.9,64,3.1,0,3.35,769,Portugal
444,1,2,jul,fri,90.7,80.9,14.8,78,8,0,0,426,Portugal
445,2,5,sep,fri,90.3,290,16.2,58,3.6,0,9.96,932,Portugal
446,5,5,aug,sun,94,47.9,17.3,80,4.5,0,0,537,Portugal
447,6,5,aug,sun,92,203.2,19.1,70,2.2,0,0,391,Portugal
448,3,4,mar,wed,93.4,17.3,8.9,35,8,0,0,566,Portugal
449,7,4,sep,wed,89.7,284.9,10.5,77,4,0,0,702,Portugal
450,7,4,aug,sun,91.6,181.3,19.3,61,4.9,0,0,123,Portugal
451,4,5,aug,wed,95.2,217.7,23.4,49,5.4,0,6.43,187,Portugal
452,1,4,aug,fri,90.5,196.8,11.8,88,4.9,0,9.71,249,Portugal
453,7,4,aug,mon,91.5,238.2,17.7,65,4,0,0,574,Portugal
454,4,5,aug,thu,89.4,266.2,17.4,54,3.1,0,0,587,Portugal
455,3,4,aug,thu,91.6,248.4,16.8,56,3.1,0,0,367,Portugal
456,3,4,jul,mon,94.6,160,17.9,48,2.7,0,0,970,Portugal
457,2,4,aug,thu,91.6,248.4,16.6,59,2.7,0,0,520,Portugal
458,1,4,aug,wed,91.7,191.4,19.9,50,4,0,82.75,788,Portugal
459,8,6,aug,sat,93.7,231.1,18.9,64,4.9,0,3.32,755,Portugal
460,7,4,aug,sat,91.6,273.8,15.5,72,8,0,1.94,381,Portugal
461,2,5,aug,sat,93.7,231.1,18.9,64,4.9,0,0,363,Portugal
462,8,6,aug,sat,93.7,231.1,18.9,64,4.9,0,0,478,Portugal
463,1,4,sep,sun,91,276.3,14.5,76,7.6,0,3.71,392,Portugal
464,6,5,feb,tue,75.1,4.4,4.6,82,6.3,0,5.39,411,Portugal
465,6,4,feb,tue,75.1,4.4,5.1,77,5.4,0,2.14,890,Portugal
466,2,2,feb,sat,79.5,3.6,4.6,59,0.9,0,6.84,565,Portugal
467,6,5,mar,mon,87.2,15.1,10.2,45,5.8,0,3.18,527,Portugal
468,3,4,mar,wed,90.2,18.5,11.2,41,5.4,0,5.55,561,Portugal
469,6,5,mar,thu,91.3,20.6,13.3,27,3.6,0,6.61,478,Portugal
470,6,3,apr,sun,91,14.6,13.7,33,9.4,0,61.13,680,Portugal
471,5,4,apr,sun,91,14.6,17.6,27,5.8,0,0,361,Portugal
472,4,3,may,fri,89.6,25.4,18,40,4,0,38.48,512,Portugal
473,8,3,jun,mon,88.2,96.2,14.3,79,4,0,1.94,213,Portugal
474,9,4,jun,sat,90.5,61.1,24.5,50,3.1,0,70.32,86,Portugal
475,4,3,jun,thu,93,103.8,26.4,35,2.7,0,10.08,197,Portugal
476,2,5,jun,thu,93.7,121.7,22.7,40,9.4,0,3.19,189,Portugal
477,4,3,jul,thu,93.5,85.3,27.2,28,1.3,0,1.76,673,Portugal
478,4,3,jul,sun,93.7,101.3,26.1,45,4,0,7.36,852,Portugal
479,7,4,jul,sun,93.7,101.3,18.2,82,4.5,0,2.21,330,Portugal
480,7,4,jul,mon,89.2,103.9,22.6,57,4.9,0,278.53,693,Portugal
481,9,9,jul,thu,93.2,114.4,30.2,25,4.5,0,2.75,642,Portugal
482,4,3,jul,thu,93.2,114.4,30.2,22,4.9,0,0,126,Portugal
483,3,4,aug,sun,94.9,130.3,23.4,40,5.8,0,1.29,64,Portugal
484,8,6,aug,sun,94.9,130.3,31,27,5.4,0,0,776,Portugal
485,2,5,aug,sun,94.9,130.3,33.1,25,4,0,26.43,190,Portugal
486,2,4,aug,mon,95,135.5,30.6,28,3.6,0,2.07,677,Portugal
487,5,4,aug,tue,95.1,141.3,24.1,43,6.3,0,2,733,Portugal
488,5,4,aug,tue,95.1,141.3,26.4,34,3.6,0,16.4,251,Portugal
489,4,4,aug,tue,95.1,141.3,19.4,71,7.6,0,46.7,710,Portugal
490,4,4,aug,wed,95.1,141.3,20.6,58,1.3,0,0,76,Portugal
491,4,4,aug,wed,95.1,141.3,28.7,33,4,0,0,588,Portugal
492,4,4,aug,thu,95.8,152,32.4,21,4.5,0,0,50,Portugal
493,1,3,aug,fri,95.9,158,32.4,27,2.2,0,0,699,Portugal
494,1,3,aug,fri,95.9,158,27.5,29,4.5,0,43.32,139,Portugal
495,6,6,aug,sat,96,164,30.8,30,4.9,0,8.59,107,Portugal
496,6,6,aug,mon,96.2,175.5,23.9,42,2.2,0,0,415,Portugal
497,4,5,aug,mon,96.2,175.5,32.6,26,3.1,0,2.77,957,Portugal
498,3,4,aug,tue,96.1,181.1,32.3,27,2.2,0,14.68,327,Portugal
499,6,5,aug,tue,96.1,181.1,33.3,26,2.7,0,40.54,66,Portugal
500,7,5,aug,tue,96.1,181.1,27.3,63,4.9,6.4,10.82,938,Portugal
501,8,6,aug,tue,96.1,181.1,21.6,65,4.9,0.8,0,228,Portugal
502,7,5,aug,tue,96.1,181.1,21.6,65,4.9,0.8,0,713,Portugal
503,4,4,aug,tue,96.1,181.1,20.7,69,4.9,0.4,0,741,Portugal
504,2,4,aug,wed,94.5,139.4,29.2,30,4.9,0,1.95,567,Portugal
505,4,3,aug,wed,94.5,139.4,28.9,29,4.9,0,49.59,993,Portugal
506,1,2,aug,thu,91,163.2,26.7,35,1.8,0,5.8,322,Portugal
507,1,2,aug,fri,91,166.9,18.5,73,8.5,0,0,88,Portugal
508,2,4,aug,fri,91,166.9,25.9,41,3.6,0,0,465,Portugal
509,1,2,aug,fri,91,166.9,25.9,41,3.6,0,0,439,Portugal
510,5,4,aug,fri,91,166.9,21.1,71,7.6,1.4,2.17,59,Portugal
511,6,5,aug,fri,91,166.9,18.2,62,5.4,0,0.43,852,Portugal
512,8,6,aug,sun,81.6,56.7,27.8,35,2.7,0,0,301,Portugal
513,4,3,aug,sun,81.6,56.7,27.8,32,2.7,0,6.44,310,Portugal
514,2,4,aug,sun,81.6,56.7,21.9,71,5.8,0,54.29,225,Portugal
515,7,4,aug,sun,81.6,56.7,21.2,70,6.7,0,11.16,793,Portugal
516,1,4,aug,sat,94.4,146,25.6,42,4,0,0,132,Portugal
517,6,3,nov,tue,79.5,3,11.8,31,4.5,0,0,510,Portugal
518,4,2,feb,wed,,,17.9,48,2.7,0,0,890,Brazil
519,3,4,feb,thu,,,16.6,59,2.7,0,0,565,Brazil
520,1,4,feb,fri,,,19.9,50,4,0,0,527,Brazil
521,2,5,feb,fri,,,18.9,64,4.9,0,0,561,Brazil
522,6,6,dec,sat,,,15.5,72,8,0,3.52,478,Brazil
523,4,3,dec,mon,,,18.9,64,4.9,0,0,680,Brazil
524,8,6,dec,mon,,,18.9,64,4.9,0,7.21,361,Brazil
525,1,3,dec,tue,,,14.5,76,7.6,0,1.01,512,Brazil
526,1,4,dec,tue,,,4.6,82,6.3,0,2.18,213,Brazil
527,5,3,apr,tue,,,5.1,77,5.4,0,4.42,86,Brazil
528,7,6,apr,tue,,,4.6,59,0.9,0,0,197,Brazil
529,6,2,apr,tue,,,10.2,45,5.8,0,0,189,Brazil
530,3,4,apr,tue,,,11.2,41,5.4,0,0,673,Brazil
531,5,4,apr,wed,,,13.3,27,3.6,0,0,852,Brazil
532,2,2,jul,wed,,,13.7,33,9.4,0,3.33,330,Brazil
533,3,2,jul,thu,,,17.6,27,5.8,0,6.58,693,Brazil
534,5,6,jul,fri,,,18,40,4,0,15.64,642,Brazil
535,5,5,jun,fri,,,14.3,79,4,0,11.22,126,Brazil
536,7,5,jun,fri,,,24.5,50,3.1,0,2.13,64,Brazil
537,1,5,jun,fri,,,26.4,35,2.7,0,0,776,Brazil
538,8,6,may,fri,,,22.7,40,9.4,0,0,190,Brazil
539,6,3,sep,sun,,,27.2,28,1.3,0,0,677,Brazil
540,8,2,sep,sun,,,26.1,45,4,0,4.41,733,Brazil
541,7,5,sep,sun,,,18.2,82,4.5,0,34.36,251,Brazil
542,3,3,mar,thu,,,20.7,29,4,0,1.64,253,Brazil
543,3,2,mar,fri,,,29.2,27,5.8,0,1.69,95,Brazil
544,1,3,mar,fri,,,28.9,86,3.1,0,1.75,176,Brazil
545,3,3,mar,sat,,,26.7,63,4,0,1.9,229,Brazil
546,5,6,aug,mon,,,18.5,40,8.5,0,1.94,511,Brazil
547,6,6,aug,mon,,,25.9,51,1.8,0,1.95,636,Brazil
548,8,5,aug,tue,,,25.9,38,2.2,0,2.01,178,Brazil
549,8,2,sep,tue,,,21.1,72,4.5,0,2.14,185,Brazil
550,1,2,sep,tue,,,18.2,42,0.9,0,2.29,384,Brazil
551,8,2,sep,tue,,,27.8,21,4.5,0,2.51,118,Brazil
552,8,3,oct,tue,,,27.8,44,9.4,0,2.53,732,Brazil
553,3,2,mar,tue,,,21.9,27,2.2,0,2.55,698,Brazil
554,6,5,sep,wed,,,21.2,47,1.8,0,2.57,233,Brazil
555,8,4,oct,wed,,,25.6,35,4,0,2.69,448,Brazil
556,6,3,oct,thu,,,11.8,44,5.4,0,2.74,831,Brazil
557,2,2,feb,fri,,,17.9,40,2.2,0,3.07,514,Brazil
558,5,2,mar,fri,,,16.6,38,1.8,0,3.5,435,Brazil
559,7,5,mar,fri,,,19.9,44,4.9,0,4.53,814,Brazil
560,7,6,sep,fri,,,18.9,43,5.8,0,4.61,180,Brazil
561,8,4,mar,fri,,,15.5,32,2.7,0,4.69,832,Brazil
562,5,4,aug,sun,,,18.9,60,2.2,0,4.88,421,Brazil
563,7,4,sep,sun,,,17.7,34,5.4,0,5.23,738,Brazil
564,2,3,sep,sun,,,21.2,48,6.7,0,5.33,501,Brazil
565,6,5,jul,thu,,,18.2,24,4,0,5.44,483,Brazil
566,8,6,sep,fri,,,21.7,39,2.2,0,6.38,230,Brazil
567,4,3,sep,fri,,,11.3,24,4.5,0,6.83,498,Brazil
568,2,4,aug,sat,,,17.8,78,4.9,0,6.96,726,Brazil
569,1,3,aug,mon,,,14.1,37,3.1,0,7.04,797,Brazil
570,3,2,jul,mon,,,23.3,39,5.8,0,7.19,163,Brazil
571,7,5,aug,tue,,,18.4,32,2.2,0,7.3,55,Brazil
572,3,6,aug,tue,,,16.6,62,0.9,0,7.4,737,Brazil
573,2,6,mar,tue,,,19.6,24,4,0,8.24,217,Brazil
574,6,4,sep,tue,,,12.9,60,4,0,8.31,875,Brazil
575,7,2,aug,tue,,,25.9,27,2.7,0,8.68,218,Brazil
576,3,2,sep,tue,,,14.7,43,4.5,0,8.71,533,Brazil
577,7,4,jun,wed,,,23,37,4,0,9.41,97,Brazil
578,2,4,jul,wed,,,11.8,42,4.5,0,10.01,282,Brazil
579,3,4,jul,thu,,,11,54,5.4,0,10.02,220,Brazil
580,6,6,sep,fri,,,20.8,48,5.8,0,10.93,720,Brazil
581,6,5,sep,fri,,,21.5,74,0.9,0,11.06,354,Brazil
582,1,4,aug,fri,,,20.4,24,6.3,0,11.24,85,Brazil
583,3,3,sep,fri,,,20.4,70,3.6,0,11.32,116,Brazil
584,6,6,aug,fri,,,17.6,36,2.2,0,11.53,549,Brazil
585,3,4,aug,sun,,,27.7,35,3.6,0,12.1,166,Brazil
586,6,3,sep,sun,,,17.8,46,2.2,0,13.05,555,Brazil
587,6,3,mar,sun,,,13.8,17,2.7,0,13.7,952,Brazil
588,8,5,aug,thu,,,13.9,34,4,0,13.99,547,Brazil
589,8,4,mar,fri,,,12.3,42,1.8,0,14.57,66,Brazil
590,3,2,sep,fri,,,11.5,42,7.2,0,15.45,968,Brazil
591,1,4,sep,sat,,,5.5,45,2.2,0,17.2,582,Brazil
592,5,2,mar,mon,,,18.8,24,6.3,0,19.23,867,Brazil
593,7,3,aug,mon,,,20.8,63,4.9,0,23.41,828,Brazil
594,8,6,aug,tue,,,23.1,50,3.1,0,24.23,803,Brazil
595,1,5,mar,tue,,,18.6,40,5.8,0,26,423,Brazil
596,3,6,aug,tue,,,23,51,4.9,0,26.13,763,Brazil
597,8,4,sep,tue,,,19.6,39,5.8,0,27.35,867,Brazil
598,6,2,aug,tue,,,19.6,59,4.9,0,28.66,996,Brazil
599,1,3,aug,tue,,,17.2,35,4.9,0,28.66,600,Brazil
600,1,6,sep,wed,,,15.8,33,1.3,0,29.48,318,Brazil
601,3,5,aug,wed,,,17.7,31,6.3,0,30.32,842,Brazil
602,2,2,aug,thu,,,15.6,44,1.3,0,31.72,152,Brazil
603,3,5,apr,fri,,,17.3,37,3.1,0,31.86,713,Brazil
604,8,2,aug,fri,,,27.6,33,3.1,0,32.07,138,Brazil
605,6,6,sep,fri,,,6.7,33,3.6,0,35.88,592,Brazil
606,3,4,aug,fri,,,15.7,26,5.8,0,36.85,546,Brazil
607,3,5,sep,fri,,,8.3,27,3.6,0,37.02,462,Brazil
608,2,5,oct,sun,,,14.7,37,4.5,0,37.71,212,Brazil
609,6,4,feb,sun,,,21.6,25,4.9,0,48.55,649,Brazil
610,5,6,oct,sun,,,19.5,43,4,0,49.37,516,Brazil
611,4,6,aug,thu,,,17.9,30,4.5,0,58.3,534,Brazil
612,8,6,sep,fri,,,18.6,79,3.1,0,64.1,563,Brazil
613,8,4,mar,fri,,,16.6,43,4,0,71.3,798,Brazil
614,1,4,sep,sat,,,20.2,72,4.5,0,88.49,883,Brazil
615,1,5,mar,mon,,,21.5,66,3.1,0,95.18,482,Brazil
616,4,6,mar,mon,,,25.4,19,2.7,0,103.39,339,Brazil
617,1,4,mar,tue,,,22.4,39,3.1,0,105.66,647,Brazil
618,3,5,aug,tue,,,25.3,44,3.1,0,154.88,426,Brazil
619,1,3,aug,tue,,,17.4,51,5.8,0,196.48,374,Brazil
620,3,6,sep,tue,,,14.7,47,1.8,0,200.94,681,Brazil
621,5,3,aug,tue,,,17.4,45,2.2,0,212.88,478,Brazil
622,4,2,aug,tue,,,20.8,15,4,0,1090.84,64,Brazil
623,2,3,apr,wed,,,18.2,27,1.8,0,0,313,Brazil
624,3,5,sep,wed,,,23.4,34,2.7,0,0,483,Brazil
625,6,3,sep,thu,,,17.8,36,3.1,0,0,237,Brazil
626,3,5,sep,fri,,,12.7,25,4,0,10.13,355,Brazil
627,5,3,sep,fri,,,17.4,59,7.6,1,0,60,Brazil
628,4,4,mar,fri,,,11.6,24,7.6,0,2.87,289,Brazil
629,2,2,feb,fri,,,19.8,32,6.3,0,0.76,473,Brazil
630,3,3,oct,fri,,,19.8,43,5.4,0,0.09,222,Brazil
631,8,2,mar,sun,,,14.4,22,2.2,0,0.75,336,Brazil
632,6,2,sep,sun,,,20.1,64,2.7,0,0,770,Brazil
633,6,5,aug,sun,,,24.1,48,0.4,0,2.47,708,Brazil
634,6,5,sep,thu,,,5.3,24,3.1,0,0.68,407,Brazil
635,6,2,sep,fri,,,12.7,87,3.1,0,0.24,114,Brazil
636,8,5,sep,fri,,,18.2,39,3.6,0,0.21,154,Brazil
637,8,3,oct,sat,,,21.4,39,2.7,0,1.52,582,Brazil
638,2,4,aug,mon,,,20.3,66,3.1,0,10.34,631,Brazil
639,2,4,sep,mon,,,17.4,40,4,0,0,369,Brazil
640,3,3,mar,tue,,,13.7,29,2.2,0,8.02,383,Brazil
641,3,5,mar,tue,,,18.8,78,2.7,0,0.68,617,Brazil
642,2,6,mar,tue,,,22.8,52,0.9,0,0,144,Brazil
643,5,6,sep,tue,,,18.9,29,1.8,0,1.38,313,Brazil
644,4,2,sep,tue,,,15.8,33,4,0,8.85,396,Brazil
645,4,5,sep,tue,,,15.5,45,7.6,0,3.3,396,Brazil
646,4,5,mar,wed,,,11.6,56,3.1,0,4.25,785,Brazil
647,6,4,aug,wed,,,15.2,43,3.6,0,1.56,83,Brazil
648,5,2,sep,thu,,,10.6,18,3.1,0,6.54,932,Brazil
649,3,4,mar,fri,,,19.6,39,7.6,0,0.79,170,Brazil
650,6,5,jul,fri,,,10.3,35,4,0,0.17,467,Brazil
651,4,6,sep,fri,,,17.1,27,3.1,0,0,441,Brazil
652,8,5,sep,fri,,,22.5,27,3.1,0,0,232,Brazil
653,3,3,oct,fri,,,17.9,30,2.7,0,4.4,717,Brazil
654,6,4,aug,sun,,,19.8,27,3.1,0,0.52,874,Brazil
655,3,5,sep,sun,,,20.6,30,4.5,0,9.27,451,Brazil
656,6,2,aug,sun,,,9,36,4,0,3.09,469,Brazil
657,5,4,sep,thu,,,17.2,74,8.5,0,8.98,563,Brazil
658,1,3,sep,fri,,,15.9,43,8,0,11.19,984,Brazil
659,7,6,sep,fri,,,15.4,42,4.9,0,5.38,388,Brazil
660,5,4,sep,sat,,,15.4,45,8.5,0,17.85,444,Brazil
661,2,3,sep,mon,,,14,50,8.5,0,10.73,978,Brazil
662,5,2,aug,mon,,,10.6,24,8.5,0,22.03,520,Brazil
663,4,3,sep,tue,,,17.6,49,8.5,0,9.77,461,Brazil
664,4,3,sep,tue,,,14.9,43,4.9,0,9.27,894,Brazil
665,7,6,sep,tue,,,17.6,46,8.5,0,24.77,934,Brazil
666,5,5,apr,tue,,,17.2,35,4,0,0,163,Brazil
667,2,6,apr,tue,,,15.6,40,3.1,0,1.1,856,Brazil
668,5,3,apr,tue,,,18,39,8,0,24.24,452,Brazil
669,3,6,aug,wed,,,21.7,46,6.3,0,0,463,Brazil
670,8,6,aug,wed,,,21.9,42,7.6,0.2,0,288,Brazil
671,5,2,aug,thu,,,23.3,38,2.7,0,0,50,Brazil
672,7,3,aug,fri,,,21.2,52,1.8,0,0,632,Brazil
673,4,4,aug,fri,,,16.6,58,1.8,0,0,850,Brazil
674,1,2,aug,fri,,,23.8,66,1.8,0,0,121,Brazil
675,1,3,aug,fri,,,27.4,42,0.9,0,8,72,Brazil
676,4,6,aug,fri,,,13.2,38,1.3,0,2.64,604,Brazil
677,2,6,aug,sun,,,24.2,39,5.4,0,86.45,429,Brazil
678,6,5,aug,sun,,,17.4,31,3.6,0,6.57,745,Brazil
679,7,6,aug,sun,,,23.7,51,1.3,0,0,980,Brazil
680,2,2,aug,thu,,,23.2,53,1.8,0,0.9,345,Brazil
681,4,4,aug,fri,,,24.8,32,2.2,0,0,651,Brazil
682,8,6,aug,fri,,,24.6,22,4.9,0,0,928,Brazil
683,4,6,aug,sat,,,20.1,40,2.7,0,0,107,Brazil
684,5,6,aug,mon,,,29.6,28,4.9,0,0,549,Brazil
685,4,5,aug,mon,,,16.4,43,5.4,0,3.52,234,Brazil
686,8,6,nov,tue,,,28.6,25,4.5,0,0,589,Brazil
687,3,3,feb,tue,,,18.4,39,4.5,0,0,994,Brazil
688,2,2,feb,tue,,,20.5,29,4.9,0,0,367,Brazil
689,4,3,feb,tue,,,19,43,2.2,0,0,630,Brazil
690,5,6,feb,tue,,,16.1,47,5.4,0,0.41,966,Brazil
691,2,3,dec,tue,,,20.3,27,3.6,0,5.18,224,Brazil
692,3,6,dec,wed,,,15.2,47,1.8,0,0,826,Brazil
693,2,6,dec,wed,,,17.8,27,2.2,0,0,277,Brazil
694,7,2,dec,thu,,,17.8,45,2.7,0,0,366,Brazil
695,2,2,dec,fri,,,5.3,35,1.8,0,14.29,486,Brazil
696,1,5,apr,fri,,,16.6,34,6.3,0,0,757,Brazil
697,8,5,apr,fri,,,23.4,29,4.9,0,0,654,Brazil
698,7,2,apr,fri,,,14.6,41,1.8,0,1.58,543,Brazil
699,3,2,apr,fri,,,20.7,31,2.7,0,0,464,Brazil
700,4,6,apr,sun,,,21.9,56,5.8,0,0,699,Brazil
701,7,3,jul,sun,,,17.4,67,4.9,0,3.78,450,Brazil
702,8,5,jul,sun,,,20.1,70,2.2,0,0,911,Brazil
703,3,5,jul,thu,,,17.7,47,6.3,0,4.41,861,Brazil
704,3,6,jun,fri,,,14.2,33,7.2,0,34.36,941,Brazil
705,4,3,jun,fri,,,20.3,26,4,0,7.21,53,Brazil
706,8,4,jun,sat,,,5.8,45,4,0,1.01,907,Brazil
707,6,5,may,mon,,,19.2,35,2.7,0,2.18,89,Brazil
708,3,5,sep,mon,,,18.3,50,1.8,0,4.42,938,Brazil
709,1,2,sep,tue,,,14.4,39,3.1,0,0,948,Brazil
710,5,2,sep,tue,,,23.9,39,3.1,0,0,958,Brazil
711,1,3,mar,tue,,,19.1,53,2.2,0,0,852,Brazil
712,5,6,mar,tue,,,12.4,39,1.8,0,0,116,Brazil
713,7,2,mar,tue,,,16.8,54,4,0,3.33,899,Brazil
714,3,6,mar,tue,,,20.8,44,3.1,0,6.58,675,Brazil
715,6,3,aug,wed,,,17.6,45,4.5,0,15.64,384,Brazil
716,8,2,aug,wed,,,11.5,66,2.2,0,11.22,104,Brazil
717,3,4,aug,thu,,,21,32,3.1,0,2.13,524,Brazil
718,6,4,sep,fri,,,13.3,32,5.4,0,0,917,Brazil
719,2,6,sep,fri,,,11.5,53,1.8,0,0,233,Brazil
720,2,5,sep,fri,,,11.7,45,2.2,0,0,728,Brazil
721,8,2,oct,fri,,,24.2,34,2.2,0,56.04,746,Brazil
722,2,6,mar,fri,,,24.6,46,2.2,0,7.48,442,Brazil
723,3,3,sep,sun,,,24.3,39,1.8,0,1.47,932,Brazil
724,6,2,oct,sun,,,24.6,42,2.2,0,3.93,619,Brazil
725,1,3,oct,sun,,,23.5,42,2.2,0,0,912,Brazil
726,7,3,feb,thu,,,5.8,60,1.8,0,0,584,Brazil
727,6,5,mar,fri,,,21.5,33,4.5,0,2.18,501,Brazil
728,6,6,mar,fri,,,13.9,28,4.9,0,6.1,566,Brazil
729,4,3,sep,sat,,,22.6,22,3.1,0,5.83,601,Brazil
730,7,6,mar,mon,,,21.6,25,2.2,0,28.19,335,Brazil
731,1,2,aug,mon,,,12.4,22,3.6,0,0,287,Brazil
732,5,5,sep,tue,,,8.8,36,4.5,0,0,581,Brazil
733,8,5,sep,tue,,,20.2,54,3.6,0,1.64,945,Brazil
734,3,2,jul,tue,,,15.1,15,3.6,0,3.71,740,Brazil
735,7,2,sep,tue,,,22.1,59,6.3,0,7.31,606,Brazil
736,2,4,sep,tue,,,22.9,38,3.6,0,2.03,79,Brazil
737,1,3,aug,tue,,,20.7,33,2.7,0,1.72,389,Brazil
738,8,4,aug,wed,,,19.6,54,2.2,0,5.97,797,Brazil
739,6,5,jul,wed,,,23.2,68,4.9,0,13.06,903,Brazil
740,4,2,aug,thu,,,18.4,37,4.9,0,1.26,910,Brazil
741,7,6,aug,fri,,,5.1,64,3.6,0,0,509,Brazil
742,2,5,mar,fri,,,20.1,34,2.7,0,0,752,Brazil
743,3,5,sep,fri,,,11,31,2.2,0,8.12,194,Brazil
744,5,2,aug,fri,,,17,37,2.2,0,1.09,343,Brazil
745,3,6,sep,fri,,,17,33,4,0,3.94,841,Brazil
746,3,6,jun,sun,,,16.9,26,3.1,0,0.52,719,Brazil
747,1,2,jul,sun,,,12.4,25,2.2,0,2.93,684,Brazil
748,8,2,jul,sun,,,19.4,96,2.7,0,5.65,280,Brazil
749,5,3,sep,thu,,,15.2,47,3.1,0,20.03,439,Brazil
750,3,4,sep,fri,,,16.2,46,5.4,0,1.75,427,Brazil
751,6,4,aug,fri,,,18.6,27,3.6,0,0,397,Brazil
752,5,4,sep,sat,,,11,27,4.9,0,12.64,315,Brazil
753,2,4,aug,mon,,,13.4,60,7.6,0,0,291,Brazil
754,7,3,aug,mon,,,15.4,73,7.6,0,11.06,950,Brazil
755,3,2,sep,tue,,,22.9,19,4,0,0,762,Brazil
756,7,5,oct,tue,,,16.1,27,0.9,0,0,549,Brazil
757,2,5,mar,tue,,,20.1,59,2.7,0,0,925,Brazil
758,6,2,mar,tue,,,28.3,49,4,0,18.3,561,Brazil
759,2,2,aug,tue,,,16.4,46,4.9,0,39.35,106,Brazil
760,2,5,aug,tue,,,26.4,79,2.2,0,0,655,Brazil
761,6,4,aug,wed,,,27.8,57,2.2,0,174.63,825,Brazil
762,4,6,sep,wed,,,18.7,39,5.8,0,0,847,Brazil
763,5,4,sep,thu,,,24.3,44,0.9,0,0,310,Brazil
764,8,6,sep,fri,,,17.7,34,7.2,0,7.73,187,Brazil
765,2,3,sep,fri,,,19.6,26,2.7,0,16.33,477,Brazil
766,3,6,aug,fri,,,8.2,43,1.8,0,5.86,257,Brazil
767,4,4,sep,fri,,,18,21,2.7,0,42.87,658,Brazil
768,7,4,sep,fri,,,14.6,27,4.5,0,12.18,508,Brazil
769,2,4,sep,sun,,,8.3,43,2.2,0,16,443,Brazil
770,8,2,mar,sun,,,11.4,36,5.4,0,24.59,189,Brazil
771,8,3,oct,sun,,,22.2,25,5.4,0,0,684,Brazil
772,6,4,mar,thu,,,24.1,41,3.1,0,28.74,399,Brazil
773,4,4,apr,fri,,,8,46,3.1,0,0,262,Brazil
774,6,5,sep,fri,,,13.1,40,6.3,0,9.96,310,Brazil
775,3,5,sep,sat,,,22.8,27,2.7,0,30.18,122,Brazil
776,3,3,jun,mon,,,17.8,75,4,0,70.76,228,Brazil
777,3,5,aug,mon,,,19.3,51,7.6,0,0,690,Brazil
778,6,4,aug,tue,,,17,20,1.8,0,0,248,Brazil
779,3,5,aug,tue,,,21.3,66,1.8,0,51.78,504,Brazil
780,7,5,sep,tue,,,26.4,73,4.9,0,3.64,888,Brazil
781,7,3,sep,tue,,,22.9,54,3.6,0,3.63,673,Brazil
782,7,4,sep,tue,,,15.1,38,3.1,0,0,529,Brazil
783,7,6,sep,tue,,,16.7,39,4.5,0,0,278,Brazil
784,8,6,sep,wed,,,15.9,70,4.5,0,8.16,592,Brazil
785,5,3,sep,wed,,,9.3,28,4,0,4.95,811,Brazil
786,6,5,sep,thu,,,18.3,40,4,0,0,692,Brazil
787,8,2,sep,fri,,,19.1,25,3.6,0,0,204,Brazil
788,6,4,sep,fri,,,21,36,2.2,0,6.04,160,Brazil
789,1,2,sep,fri,,,19.5,37,2.2,0,0,535,Brazil
790,1,6,oct,fri,,,23.7,38,4.9,0,3.95,966,Brazil
791,3,5,oct,fri,,,16.3,41,4,0,0,166,Brazil
792,3,3,oct,sun,,,19,46,3.1,0,7.8,239,Brazil
793,4,5,mar,sun,,,19.4,41,5.4,0,0,148,Brazil
794,7,2,jul,sun,,,30.2,44,2.7,0,0,840,Brazil
795,5,5,aug,thu,,,22.8,59,9.4,0,4.62,925,Brazil
796,8,2,aug,fri,,,25.4,40,4.5,0,1.63,381,Brazil
797,7,6,sep,fri,,,11.2,32,3.6,0,0,699,Brazil
798,8,5,sep,sat,,,20.6,84,4,0,0,116,Brazil
799,2,6,sep,mon,,,17.7,42,4.9,0,746.28,769,Brazil
800,3,2,sep,mon,,,21.2,39,3.1,0,7.02,488,Brazil
801,3,3,jul,tue,,,18.2,53,5.8,0,0,336,Brazil
802,4,5,mar,tue,,,21.7,54,5.4,0,2.44,584,Brazil
803,3,5,mar,tue,,,11.3,55,4,0,3.05,556,Brazil
804,1,5,sep,tue,,,17.8,24,4.5,0,185.76,197,Brazil
805,7,2,aug,tue,,,14.1,32,4.5,0,0,704,Brazil
806,6,2,aug,tue,,,23.3,53,3.6,0,6.3,389,Brazil
807,2,6,aug,wed,,,18.4,56,4,0,0.72,681,Brazil
808,1,4,aug,wed,,,16.6,35,3.6,0,4.96,888,Brazil
809,7,2,sep,thu,,,19.6,73,2.2,0,0,513,Brazil
810,8,6,sep,fri,,,12.9,53,2.2,0,0,188,Brazil
811,5,3,oct,fri,,,25.9,46,2.2,0,2.35,737,Brazil
812,5,3,feb,fri,,,14.7,58,5.8,0,0,699,Brazil
813,3,5,feb,fri,,,23,29,4,0,3.2,379,Brazil
814,1,5,mar,fri,,,11.8,64,3.6,0,0,457,Brazil
815,6,2,mar,sun,,,11,78,4,0,6.36,965,Brazil
816,6,5,aug,sun,,,20.8,58,6.7,0,0,953,Brazil
817,7,5,aug,sun,,,21.5,80,4.9,0,15.34,54,Brazil
818,6,5,aug,thu,,,20.4,70,3.6,0,0,330,Brazil
819,5,3,aug,fri,,,10.9,64,1.8,0,0,681,Brazil
820,6,4,sep,fri,,,14.8,78,1.3,0,0.54,276,Brazil
821,3,5,sep,sat,,,16.2,58,2.7,0,0,764,Brazil
822,4,6,sep,mon,,,17.3,80,4,0,6.43,986,Brazil
823,4,4,mar,mon,,,19.1,70,2.2,0,0.33,232,Brazil
824,5,2,mar,tue,,,8.9,35,3.6,0,0,929,Brazil
825,6,5,sep,tue,,,10.5,77,1.8,0,1.23,263,Brazil
826,3,3,mar,tue,,,19.3,61,3.1,0,3.35,769,Brazil
827,2,4,aug,tue,,,23.4,49,8,0,0,426,Brazil
828,1,6,sep,tue,,,11.8,88,3.6,0,9.96,932,Brazil
829,1,4,feb,tue,,,17.7,65,4.5,0,0,537,Brazil
830,2,4,feb,wed,,,17.4,54,2.2,0,0,391,Brazil
831,6,3,mar,wed,,,16.8,56,8,0,0,566,Brazil
832,5,6,aug,thu,,,17.9,48,4,0,0,702,Brazil
833,6,5,aug,fri,,,16.6,59,4.9,0,0,123,Brazil
834,1,6,aug,fri,,,19.9,50,5.4,0,6.43,187,Brazil
835,2,5,aug,fri,,,18.9,64,4.9,0,9.71,249,Brazil
836,5,2,aug,fri,,,15.5,72,4,0,0,574,Brazil
837,1,2,aug,fri,,,18.9,64,3.1,0,0,587,Brazil
838,5,3,aug,sun,,,18.9,64,3.1,0,0,367,Brazil
839,5,3,sep,sun,,,14.5,76,2.7,0,0,970,Brazil
840,8,3,sep,sun,,,4.6,82,2.7,0,0,520,Brazil
841,4,6,sep,thu,,,5.1,77,4,0,82.75,788,Brazil
842,2,3,sep,fri,,,4.6,59,4.9,0,3.32,755,Brazil
843,6,3,mar,fri,,,10.2,45,8,0,1.94,381,Brazil
844,5,3,aug,sat,,,11.2,41,4.9,0,0,363,Brazil
845,2,2,mar,mon,,,13.3,27,4.9,0,0,478,Brazil
846,5,2,aug,mon,,,13.7,33,7.6,0,3.71,392,Brazil
847,7,6,aug,tue,,,17.6,27,6.3,0,5.39,411,Brazil
848,2,3,aug,tue,,,18,40,5.4,0,2.14,890,Brazil
849,2,2,sep,tue,,,14.3,79,0.9,0,6.84,565,Brazil
850,4,3,feb,tue,,,24.5,50,5.8,0,3.18,527,Brazil
851,3,4,mar,tue,,,26.4,35,5.4,0,5.55,561,Brazil
852,7,4,aug,tue,,,22.7,40,3.6,0,6.61,478,Brazil
853,6,2,aug,wed,,,27.2,28,9.4,0,61.13,680,Brazil
854,2,6,aug,wed,,,26.1,45,5.8,0,0,361,Brazil
855,8,3,aug,thu,,,18.2,82,4,0,38.48,512,Brazil
856,1,3,aug,fri,,,22.6,57,4,0,1.94,213,Brazil
857,8,3,sep,fri,,,30.2,25,3.1,0,70.32,86,Brazil
858,4,5,jan,fri,,,30.2,22,0.9,0,0,134,Brazil
859,7,4,mar,fri,,,23.4,40,2.7,0,0,293,Brazil
860,4,2,mar,fri,,,31,27,3.1,0,0,981,Brazil
861,6,4,aug,sun,,,33.1,25,4.9,0,0,573,Brazil
862,3,4,sep,sun,,,30.6,28,3.1,0,0,232,Brazil
863,4,2,sep,sun,,,24.1,43,2.7,0,0,194,Brazil
864,1,6,mar,thu,,,26.4,34,5.8,0,0,841,Brazil
865,4,5,mar,fri,,,19.4,71,1.3,0,0,318,Brazil
866,3,6,sep,fri,,,20.6,58,3.1,0,0,746,Brazil
867,6,2,sep,sat,,,28.7,33,2.7,0,0.36,546,Brazil
868,2,3,mar,mon,,,32.4,21,2.2,0,0.43,722,Brazil
869,3,5,mar,mon,,,32.4,27,1.8,0,0.47,704,Brazil
870,7,5,mar,tue,,,27.5,29,4.5,0,0.55,228,Brazil
871,6,5,mar,tue,,,30.8,30,8.9,0,0.61,455,Brazil
872,4,2,mar,tue,,,23.9,42,5.4,0,0.71,933,Brazil
873,3,2,aug,tue,,,32.6,26,5.4,0,0.77,362,Brazil
874,6,6,aug,tue,,,32.3,27,4,0,0.9,777,Brazil
875,2,4,aug,tue,,,33.3,26,5.4,0,0.95,196,Brazil
876,7,2,sep,wed,,,27.3,63,3.6,0,0.96,928,Brazil
877,5,6,sep,wed,,,21.6,65,6.7,0,1.07,809,Brazil
878,8,3,sep,thu,,,21.6,65,4.5,0,1.12,420,Brazil
879,8,3,oct,fri,,,20.7,69,5.4,0,1.19,763,Brazil
880,7,5,mar,fri,,,29.2,30,2.2,0,1.36,600,Brazil
881,5,5,sep,fri,,,28.9,29,1.8,0,1.43,351,Brazil
882,3,2,oct,fri,,,26.7,35,4.9,0,1.46,650,Brazil
883,2,5,oct,fri,,,18.5,73,2.7,0,1.46,830,Brazil
884,8,5,feb,sun,,,25.9,41,1.3,0,1.56,185,Brazil
885,8,5,mar,sun,,,25.9,41,2.2,0,1.61,573,Brazil
886,5,3,mar,sun,,,21.1,71,3.6,0,1.63,61,Brazil
